mean,notNA,name,date,doy,year,perc_valid
0.3555879510982018,638687,1,1984-05-01,122,1984,0.8004750057965747
0.37477961314330693,400721,2,1984-06-18,170,1984,0.5022290179662483
0.1783918930925314,296177,3,1984-07-04,186,1984,0.3712026169184782
0.3929836533056945,638134,4,1984-09-06,250,1984,0.7997819234601478
0.3440561081319572,623580,5,1984-09-22,266,1984,0.7815411995463005
NA,0,6,1984-10-01,275,1984,0
0.2419878855783185,61274,7,1984-11-09,314,1984,0.07679552817761959
0.21504343813360222,36016,8,1984-11-25,330,1984,0.04513933712251766
0.1952362100025294,54770,9,1984-12-27,362,1984,0.06864397751555676
0.17343499590724348,341077,10,1985-01-12,12,1985,0.4274763907079341
0.41920713713287855,625866,11,1985-05-04,124,1985,0.7844062740871178
0.35250569142828403,650836,12,1985-09-09,252,1985,0.8157015108693608
0.319860828655298,635564,13,1985-09-25,268,1985,0.7965609079002614
0.28077216180768033,330127,14,1985-10-11,284,1985,0.41375260845861245
0.13743874812354084,611928,15,1986-01-15,15,1986,0.7669375912568854
0.04559354959805575,118,16,1986-01-31,31,1986,1.4789098679634282e-4
0.10209418988579706,56876,17,1986-02-16,47,1986,0.07128345563583724
0.1685324442859124,84540,18,1986-03-20,79,1986,0.10595511884544766
NA,0,19,1986-04-14,104,1986,0
0.32357583825853126,4107,20,1986-04-30,120,1986,0.005147358328581187
0.3564566059929045,284165,21,1986-05-07,127,1986,0.3561478157879895
0.22760290711407918,9798,22,1986-05-16,136,1986,0.012279965157886161
0.37562751745054956,8931,23,1986-06-01,152,1986,0.01119334239896727
0.20836133371412227,1017,24,1986-06-17,168,1986,0.0012746197760328869
0.4101313271769224,553291,25,1986-06-24,175,1986,0.6934470506401298
0.3291883798014412,1031,26,1986-07-03,184,1986,0.0012921661642968597
0.3360610613056312,166145,27,1986-07-10,191,1986,0.20823176272269814
0.3273272776615716,248,28,1986-07-19,200,1986,3.1082173496180525e-4
0.3191729991424527,636528,29,1986-07-26,207,1986,0.7977691020635805
0.3611349270331626,179368,30,1986-08-11,223,1986,0.2248043264380205
0.3986874119046693,218304,31,1986-09-12,255,1986,0.2736033388270239
0.34302833895613183,634167,32,1986-09-28,271,1986,0.7948100290142063
NA,0,33,1987-02-03,34,1987,0
0.1631017998602668,617762,34,1987-03-07,66,1987,0.7742494219091723
0.21404255157128366,618205,35,1987-03-23,82,1987,0.7748046397663824
0.24666285658439754,622960,36,1987-04-08,98,1987,0.780764145208896
0.30795110900804296,272019,37,1987-04-24,114,1987,0.3409250706555456
0.3936927190303114,640784,38,1987-05-10,130,1987,0.8031032040958284
0.4107989886611921,613317,39,1987-05-26,146,1987,0.768678443635361
NA,0,40,1987-06-11,162,1987,0
0.42664698852416305,630308,41,1987-06-27,178,1987,0.7899734924205869
0.4612990852193898,138495,42,1987-07-13,194,1987,0.1735776459013517
0.4210341838109054,346473,43,1987-07-29,210,1987,0.4342392700702482
0.37306950649285076,638711,44,1987-08-14,226,1987,0.800505085319313
0.349526380907476,447671,45,1987-08-30,242,1987,0.5610720843229288
0.28650300546187013,70712,46,1987-09-15,258,1987,0.08862430049443215
0.17007930619575592,227600,47,1987-11-02,306,1987,0.28525414063430193
NA,0,48,1987-11-18,322,1987,0
0.07646475949497135,2025,49,1988-01-05,5,1988,0.002537959731038934
0.12484724549334696,602502,50,1988-02-06,37,1988,0.7551238587014419
0.1262708862720808,624349,51,1988-02-22,53,1988,0.7825049975873716
0.25261838803587144,320221,52,1988-04-10,101,1988,0.40133728544840425
0.35561931222980847,631633,53,1988-04-26,117,1988,0.7916341327384272
0.36831661390394804,630855,54,1988-05-12,133,1988,0.7906590548763293
0.3455138400953808,638073,55,1988-06-13,165,1988,0.7997054713398547
0.302311055418945,575316,56,1988-06-29,181,1988,0.7210512793197015
0.3305894289581273,179542,57,1988-07-15,197,1988,0.22502240297787274
0.3705148873471687,359926,58,1988-07-31,213,1988,0.4511000958784787
0.35323867405950526,642596,59,1988-08-16,229,1988,0.8053742080625654
0.346259417130006,147274,60,1988-09-01,245,1988,0.1845804846563101
0.3431649971597752,625915,61,1988-10-03,277,1988,0.7844676864460417
0.26191855616567206,542417,62,1988-10-19,293,1988,0.6798185202128126
0.18050661058858689,353535,63,1988-11-20,325,1988,0.4430901696359751
0.17202649561632888,593248,64,1988-12-06,341,1988,0.7435256960589559
0.15004601830391964,196890,65,1989-01-23,23,1989,0.24676488466383
0.1550905295321542,618239,66,1989-02-08,39,1989,0.7748472524235949
0.1524654857258479,611161,67,1989-02-24,55,1989,0.7659762998427092
0.16251480806328675,86465,68,1989-03-12,71,1989,0.10836774723174392
0.2525766591514631,624207,69,1989-04-13,103,1989,0.7823270270778371
0.35612928811473743,400901,70,1989-04-29,119,1989,0.5024546143867851
0.39309737088592916,531545,71,1989-05-15,135,1989,0.6661924964123903
0.40434779624830725,438185,72,1989-05-31,151,1989,0.5491831529606397
0.40315882777888595,603304,73,1989-07-18,199,1989,0.7561290160862781
0.3468125646312644,577305,74,1989-08-19,231,1989,0.723544119766633
0.3044441963922182,389263,75,1989-09-04,247,1989,0.4878685524856339
0.32486767392743526,632721,76,1989-09-20,263,1989,0.7929977377692274
0.3074043055880404,371537,77,1989-10-06,279,1989,0.46565231831654935
0.2668690002111481,612074,78,1989-10-22,295,1989,0.7671205750202097
NA,0,79,1989-12-09,343,1989,0
0.4164495772979605,636590,80,1990-05-18,138,1990,0.7978468074973211
0.4045098884498029,399442,81,1990-06-03,154,1990,0.5006260300669896
0.4450732564809823,165805,82,1990-06-19,170,1990,0.20780563615057307
0.37775272454077796,643375,83,1990-07-05,186,1990,0.8063505392381107
0.35816724115524834,196576,84,1990-07-21,202,1990,0.24637134424133803
NA,0,85,1990-08-06,218,1990,0
0.29218244929482723,631630,86,1990-09-07,250,1990,0.7916303727980849
0.3020511766775062,449371,87,1990-10-25,298,1990,0.563202717183554
0.19915428922122003,6696,88,1990-11-10,314,1990,0.008392186843968742
0.18832611709712882,586443,89,1990-12-12,346,1990,0.7349968980492176
0.13979942338353255,42538,90,1991-03-02,61,1991,0.053313447426634165
NA,0,91,1991-04-03,93,1991,0
0.3429495098892,69410,92,1991-04-19,109,1991,0.08699248638588268
0.4472574341870128,29572,93,1991-06-06,157,1991,0.037062985267300425
0.39463052363128237,53988,94,1991-07-08,189,1991,0.06766388639966912
0.3490695113041303,102640,95,1991-07-24,205,1991,0.12864009224386974
0.3111310430410858,123134,96,1991-08-09,221,1991,0.15432549803543116
NA,0,97,1991-08-25,237,1991,0
0.3041206793606544,628174,98,1991-09-26,269,1991,0.78729892152377845
0.27512232978945766,623707,99,1991-10-12,285,1991,0.7817003703541238
NA,0,100,1991-10-28,301,1991,0
0.1509685965449009,191041,101,1991-11-29,333,1991,0.23943425430983162
0.1455814337385968,578185,102,1991-12-15,349,1991,0.7246470356003685
0.12843529884258612,581840,103,1992-01-16,16,1992,0.7292278962507128
0.1342241413420264,609126,104,1992-02-01,32,1992,0.763425806977196
NA,0,105,1992-03-20,80,1992,0
0.3418169804989102,332807,106,1992-04-21,112,1992,0.41711148849771584
0.3491244054092211,457998,107,1992-05-07,128,1992,0.5740150522945036
0.47264344018174254,140149,108,1992-05-23,144,1992,0.17565062634339534
0.24260430577872455,69,109,1992-06-01,153,1992,8.647862787243775e-5
0.40596988987124477,579013,110,1992-06-24,176,1992,0.7256847791348378
0.41283495805979864,641289,111,1992-07-10,192,1992,0.8037361273867788
0.37660265759801836,14082,112,1992-07-26,208,1992,0.017649159966661863
0.3576951689166677,645906,113,1992-09-12,256,1992,0.8095226755735475
0.34238715688886584,628142,114,1992-09-28,272,1992,0.7872588154934609
0.29030388408174884,621049,115,1992-10-14,288,1992,0.7783690632108637
0.19911514089438323,579959,116,1992-11-15,320,1992,0.7268704136561033
0.1775518606828262,611560,117,1992-12-01,336,1992,0.7664763719082324
NA,0,118,1993-01-02,2,1993,0
0.1560239613422146,516219,119,1993-02-03,34,1993,0.6469842145171296
NA,0,120,1993-02-19,50,1993,0
0.14063543680686683,240793,121,1993-03-07,66,1993,0.30178910494620154
NA,0,122,1993-04-08,98,1993,0
0.4170424842031637,643068,123,1993-05-10,130,1993,0.8059657720097507
0.427059237729898,623090,124,1993-05-26,146,1993,0.7809270759570615
0.409911063800917,637531,125,1993-06-11,162,1993,0.7990261754513495
0.39839256209817425,116239,126,1993-06-27,178,1993,0.14568390181542454
0.5239476930953635,6635,127,1993-07-13,194,1993,0.008315734723675718
0.39023155638192286,638104,128,1993-07-29,210,1993,0.799744324056725
0.3655528101122992,175698,129,1993-08-14,226,1993,0.22020466608596476
0.32565484704205605,635641,130,1993-08-30,242,1993,0.7966574130357131
0.318000460766323,544912,131,1993-10-01,274,1993,0.6829455372641421
0.21923055214046444,289089,132,1993-11-02,306,1993,0.36231913120311826
NA,0,133,1994-01-05,5,1994,0
0.014154736371243483,1594,134,1994-01-21,21,1994,0.001997781635198055
0.14046776597697855,609083,135,1994-02-06,37,1994,0.7633719144989566
0.18804436026315982,604591,136,1994-03-10,69,1994,0.7577420304931162
0.24037412119326895,29691,137,1994-04-11,101,1994,0.037212129567544196
0.35691689579134606,907,138,1994-04-27,117,1994,0.0011367552968159572
0.4266541992191228,632004,139,1994-05-29,149,1994,0.7920991120274224
0.39672736257005353,139568,140,1994-06-14,165,1994,0.17492245123044048
0.4269107284789162,602658,141,1994-06-30,181,1994,0.7553193755992405
0.3906504747034485,446866,142,1994-08-01,213,1994,0.5600631669977503
0.40331092311472794,331557,143,1994-08-17,229,1994,0.41554484668843256
NA,0,144,1994-09-02,245,1994,0
0.32425587894326346,621659,145,1994-10-04,277,1994,0.779133584413794
NA,0,146,1994-10-20,293,1994,0
0.2228241364842473,615651,147,1994-11-21,325,1994,0.7716036772216548
0.16933111692340522,290277,148,1995-01-08,8,1995,0.3638080675786611
0.17291008465931565,334639,149,1995-01-24,24,1995,0.4194075587334014
0.1248405277372888,523,150,1995-02-09,40,1995,6.554829330041297e-4
0.16753665046511543,607930,151,1995-02-25,56,1995,0.7619268440940737
0.1984152330145818,602023,152,1995-03-13,72,1995,0.7545235215601246
NA,0,153,1995-03-29,88,1995,0
0.32966111999339914,637612,154,1995-04-14,104,1995,0.799127693840591
NA,0,155,1995-05-16,136,1995,0
0.3837320987375932,6607,156,1995-06-17,168,1995,0.008280641947147772
0.4188099342403054,157452,157,1995-07-03,184,1995,0.1973367089242184
0.36178092470693424,292714,158,1995-07-19,200,1995,0.3668623924500398
0.3768778110462666,639108,159,1995-08-20,232,1995,0.8010026507579413
0.3228115870419439,630886,160,1995-09-05,248,1995,0.7906979075931995
0.34505558878742976,80522,161,1995-09-21,264,1995,0.10091930541368743
0.3134311403548345,8000,162,1995-09-30,273,1995,0.010026507579413074
0.3086695809921544,250574,163,1995-10-07,280,1995,0.31404776377548144
0.2770625522222998,5851,164,1995-10-16,289,1995,0.007333136980893236
0.28396927957453605,601003,165,1995-10-23,296,1995,0.7532451418437495
0.18813521596297686,574730,166,1995-11-24,328,1995,0.7203168376395095
0.16752922297103431,567000,167,1995-12-10,344,1995,0.7106287246909015
0.1590388873275224,549220,168,1995-12-26,360,1995,0.688344811595656
0.15117873897705483,565719,169,1996-01-27,27,1996,0.709023230164748
0.10654221161467779,753,170,1996-02-28,59,1996,9.437450259122555e-4
NA,0,171,1996-03-15,75,1996,0
0.23947867243809481,618771,172,1996-04-16,107,1996,0.7755140151776259
0.3616835361480435,597973,173,1996-05-02,123,1996,0.7494476020980467
0.4374630000693674,546049,174,1996-05-18,139,1996,0.6843705546538662
0.41167193516476386,23866,175,1996-06-03,155,1996,0.029911578736284052
0.5008856323245394,181979,176,1996-06-19,171,1996,0.22807672784925145
0.4092672038994131,632500,177,1996-07-05,187,1996,0.7927207554973461
0.3560706749265611,395379,178,1996-07-21,203,1996,0.4955338175300952
0.4043772173644734,263330,179,1996-08-06,219,1996,0.33003503011085555
0.37980480423235535,641702,180,1996-08-22,235,1996,0.804253745840566
0.3560859802827786,644106,181,1996-09-07,251,1996,0.8072667113681796
0.31365771383429697,514166,182,1996-10-09,283,1996,0.6444111620095628
0.11488918605427245,77683,183,1997-01-13,13,1997,0.09736114853644322
0.16121529066233492,578387,184,1997-01-29,29,1997,0.7249002049167487
0.28306123077925044,614647,185,1997-04-03,93,1997,0.7703453505204384
NA,0,186,1997-04-19,109,1997,0
0.4017560319963667,532160,187,1997-05-05,125,1997,0.6669632841825577
0.4182086817451651,639243,188,1997-05-21,141,1997,0.8011718480733439
0.5172719321553669,126,189,1997-06-22,173,1997,1.579174943757559e-4
0.4235710579818511,345309,190,1997-07-08,189,1997,0.4327804132174436
0.4070951628079645,254723,191,1997-07-24,205,1997,0.3192477612688545
0.37955993122912524,363870,192,1997-08-25,237,1997,0.45604316411512935
0.34726601275892927,150203,193,1997-09-10,253,1997,0.18825143974382272
0.3324237469623352,616227,194,1997-09-26,269,1997,0.7723255857673725
0.31719568368046425,613410,195,1997-10-12,285,1997,0.7687950017859717
0.17391809594347138,577319,196,1997-12-15,349,1997,0.723561666154897
0.171893971431487,459825,197,1998-02-01,32,1998,0.576304855962952
0.2888271693317972,613921,198,1998-04-06,96,1998,0.7694354449576066
0.4581168586870736,52250,199,1998-05-08,128,1998,0.06548562762804164
NA,0,200,1998-05-24,144,1998,0
0.4219164093232103,633063,201,1998-06-25,176,1998,0.7934263709682473
NA,0,202,1998-08-12,224,1998,0
0.2758229273591694,629120,203,1998-09-13,256,1998,0.7884845560450441
0.2833040776938917,609264,204,1998-10-15,288,1998,0.7635987642329408
0.23120863552094903,589680,205,1998-10-31,304,1998,0.7390538736785376
0.1882693227215723,592709,206,1998-11-16,320,1998,0.7428501601107929
0.17773601217012405,217433,207,1998-12-02,336,1998,0.27251170281431536
0.14024544828231356,145401,208,1999-01-19,19,1999,0.18223302856928003
0.15422685829196953,520614,209,1999-02-04,35,1999,0.6524925271185698
0.17216056583484188,611667,210,1999-02-20,51,1999,0.766610476447107
0.26735482654292886,552820,211,1999-04-09,99,1999,0.6928567400063919
NA,0,212,1999-04-25,115,1999,0
0.4031881796923367,160219,213,1999-05-11,131,1999,0.2008046272332479
0.41311271155092394,637670,214,1999-05-27,147,1999,0.7992003860205418
0.38178386110593654,353589,215,1999-06-12,163,1999,0.44315784856213614
0.44666746488687603,324992,216,1999-07-06,187,1999,0.4073168439060767
0.40098471860003176,222779,217,1999-07-14,195,1999,0.27921191650425814
0.40801527939064747,557792,218,1999-07-22,203,1999,0.6990882144669971
0.39186924774127907,639840,219,1999-07-30,211,1999,0.8019200762014576
0.36450125944702894,635852,220,1999-08-07,219,1999,0.7969218621731202
NA,0,221,1999-08-08,220,1999,0
0.3623474091809406,117617,222,1999-08-15,227,1999,0.14741096774597842
NA,0,223,1999-08-23,235,1999,0
NA,0,224,1999-08-24,236,1999,0
0.33707040882643563,622639,225,1999-08-31,243,1999,0.780361831592272
0.30663326298747756,347076,226,1999-09-08,251,1999,0.4349950180790465
0.27352974054948653,616888,227,1999-09-16,259,1999,0.7731540259561215
0.2937463515663852,615543,228,1999-09-24,267,1999,0.7714683193693327
0.2835471666945444,606553,229,1999-10-02,275,1999,0.7602010314769673
0.29551052923020593,14816,230,1999-10-10,283,1999,0.01856909203707301
0.2811341492455189,614125,231,1999-10-18,291,1999,0.7696911209008817
0.26547722157243164,588673,232,1999-10-26,299,1999,0.737791787036979
0.22545039682124945,605813,233,1999-11-03,307,1999,0.7592735795258715
0.1968606255308833,602412,234,1999-11-11,315,1999,0.7550110604911735
0.19350156826433304,554998,235,1999-11-19,323,1999,0.6955864566948871
0.19082274869208926,578679,236,1999-11-27,331,1999,0.7252661724433972
0.1675908431490046,579301,237,1999-12-29,363,1999,0.7260457334076966
0.15324215404689312,8,238,1999-12-30,364,1999,1.0026507579413073e-5
0.16540141354624702,570998,239,2000-01-06,6,2000,0.7156394718537132
0.1745443109385144,582816,240,2000-01-14,14,2000,0.7304511301754012
0.1872315068161423,81230,241,2000-01-15,15,2000,0.1018066513344655
0.15172661034322638,579885,242,2000-02-07,38,2000,0.7267776684609938
0.16632730821891065,585852,243,2000-02-15,46,2000,0.7342561898017885
NA,0,244,2000-02-16,47,2000,0
0.16438829607675215,547254,245,2000-02-23,54,2000,0.6858807973580152
0.19647899061817764,620972,246,2000-03-02,62,2000,0.7782725580754118
0.23363335212983313,300657,247,2000-03-18,78,2000,0.37681746116294956
0.24606253749741608,532167,248,2000-03-26,86,2000,0.6669720573766896
0.34474340703425194,608845,249,2000-04-19,110,2000,0.763073625898469
0.3716191936636849,626583,250,2000-04-27,118,2000,0.7853048998289227
0.41767534464786893,527493,251,2000-05-05,126,2000,0.6611140703234175
0.47694994220804254,222644,252,2000-05-13,134,2000,0.27904271918885554
0.5716154769977081,9023,253,2000-05-21,142,2000,0.01130864723613052
0.4256436290471498,156520,254,2000-06-14,166,2000,0.19616862079121677
0.4187994051106648,606695,255,2000-06-22,174,2000,0.7603790019865018
0.3983082230784488,535379,256,2000-06-30,182,2000,0.670997700169824
0.37447470464862564,426370,257,2000-07-08,190,2000,0.534375254579294
0.3699777511928608,280377,258,2000-07-16,198,2000,0.3514002644491374
0.3401066489541517,609051,259,2000-07-24,206,2000,0.763331808468639
0.33129770733185093,218640,260,2000-08-01,214,2000,0.2740244521453593
0.36434587799658996,635346,261,2000-08-09,222,2000,0.7962876855687223
0.3341445988186436,637131,262,2000-08-17,230,2000,0.7985248500723788
0.3430808678531983,240872,263,2000-08-25,238,2000,0.3018881167085482
0.3339359972489669,411848,264,2000-09-02,246,2000,0.5161746366957645
0.3258756233007401,2174,265,2000-09-10,254,2000,0.0027247034347055027
0.2986956508448783,623960,266,2000-09-18,262,2000,0.7820174586563227
0.3582154502703724,983,267,2000-09-26,270,2000,0.0012320071188203813
0.30013156672596975,623855,268,2000-10-04,278,2000,0.7818858607443429
0.22465334672973886,616017,269,2000-10-20,294,2000,0.7720623899434129
0.20445243916143319,615576,270,2000-10-28,302,2000,0.7715096787130977
0.1795780074218868,596229,271,2000-11-21,326,2000,0.7472618234457347
0.17919681316136302,582236,272,2000-11-29,334,2000,0.7297242083758938
0.16160356864996417,592536,273,2000-12-07,342,2000,0.7426333368843882
0.14588383372153005,485900,274,2000-12-23,358,2000,0.6089850041046015
NA,0,275,2001-01-16,16,2001,0
0.11839531354580195,14060,276,2001-01-24,24,2001,0.017621587070818477
0.14001952347724128,570025,277,2001-02-01,32,2001,0.7144199978693672
0.12693120355331264,394013,278,2001-02-17,48,2001,0.4938217913609104
0.14120157058167632,357970,279,2001-02-25,56,2001,0.4486486147753122
0.18133583945416326,258741,280,2001-03-05,64,2001,0.32428357470061475
0.23432357475795967,48629,281,2001-04-06,96,2001,0.060947379634909794
0.3655232261562451,444361,282,2001-04-22,112,2001,0.5569236168119466
0.39065201399473126,608145,283,2001-04-30,120,2001,0.7621963064852705
0.4093821095452922,635779,284,2001-05-16,136,2001,0.7968303702914581
NA,0,285,2001-05-24,144,2001,0
0.43623879422931117,382865,286,2001-06-09,160,2001,0.4798498530489983
0.39134139180931465,644310,287,2001-06-17,168,2001,0.8075223873114546
0.41543814661163964,627013,288,2001-06-25,176,2001,0.7858438246113162
0.41667265110751867,294327,289,2001-07-03,184,2001,0.36888398704073894
0.40358986272185254,154181,290,2001-07-11,192,2001,0.1932371206376859
0.3501169722841433,371130,291,2001-07-19,200,2001,0.4651422197434467
0.38578234058574623,37090,292,2001-07-27,208,2001,0.04648539576505386
0.34649775176297365,155400,293,2001-08-12,224,2001,0.19476490973009894
0.382214582392864,327068,294,2001-08-20,232,2001,0.4099187226229344
0.328323745622857,20441,295,2001-08-28,240,2001,0.02561898017884783
0.3391572876128184,469609,296,2001-09-05,248,2001,0.5885672747325742
0.31455461567294757,534238,297,2001-09-13,256,2001,0.6695676695263102
0.29917745482879143,601608,298,2001-09-21,264,2001,0.7540033964794425
0.30248535458184705,611974,299,2001-09-29,272,2001,0.766995243675467
0.28386506229611236,616998,300,2001-10-07,280,2001,0.7732918904353384
0.27126723098261996,604678,301,2001-10-15,288,2001,0.7578510687630423
0.2397070539065809,600688,302,2001-10-31,304,2001,0.75285034810781
0.21786364298225844,580302,303,2001-11-08,312,2001,0.7273003001685706
0.20559817385741178,564694,304,2001-11-16,320,2001,0.7077385838811358
0.18918510352509024,572817,305,2001-12-02,336,2001,0.7179192490145823
0.1894776536038159,569295,306,2001-12-18,352,2001,0.7135050790527457
0.17273558765486421,498480,307,2001-12-26,360,2001,0.6247516872732286
NA,0,308,2002-01-03,3,2002,0
0.15581809664443097,267035,309,2002-01-11,11,2002,0.33467855643357125
0.16199888240947466,583070,310,2002-01-27,27,2002,0.7307694717910476
0.1828316410831794,320334,311,2002-02-04,35,2002,0.4014789098679634
0.17342456363781927,599795,312,2002-02-12,43,2002,0.751731139199258
0.17712013064280044,611508,313,2002-02-28,59,2002,0.7664111996089662
NA,0,314,2002-03-08,67,2002,0
0.20807464066346873,589740,315,2002-03-24,83,2002,0.7391290724853833
0.3824535528584509,615627,316,2002-04-25,115,2002,0.7715735976989165
0.3500802991480908,562,317,2002-05-12,132,2002,7.043621574537684e-4
0.4298296912620935,626157,318,2002-05-19,139,2002,0.784770988300319
0.43524242814668324,338878,319,2002-05-27,147,2002,0.4247203544370429
0.4418983347016864,296892,320,2002-06-12,163,2002,0.3720987360333883
0.57149698138237,10,321,2002-06-13,164,2002,1.2533134474266341e-5
0.41738668814222124,545210,322,2002-06-20,171,2002,0.6833190246714752
0.41403645541795125,636017,323,2002-07-06,187,2002,0.7971286588919456
0.44086797914845277,98197,324,2002-07-14,195,2002,0.1230716205969532
0.40189191494677656,3790,325,2002-07-15,196,2002,0.004750057965746944
0.43562260566327515,214904,326,2002-07-22,203,2002,0.2693420731057734
0.4179482713915617,282211,327,2002-07-30,211,2002,0.35369884131171786
0.3460079507146786,5720,328,2002-07-31,212,2002,0.007168952919280347
0.38889210599564095,633201,329,2002-08-07,219,2002,0.7935993282239922
NA,0,330,2002-08-15,227,2002,0
0.36403234997318235,363835,331,2002-08-23,235,2002,0.45599929814446943
0.36087748023215066,624820,332,2002-08-31,243,2002,0.7830953082211095
0.3365461425207542,117943,333,2002-09-08,251,2002,0.1478195479298395
0.3197949159639799,591591,334,2002-09-16,259,2002,0.7414489556765699
0.30957386342270143,33007,335,2002-09-24,267,2002,0.041368116959210915
0.32826295302425745,395982,336,2002-10-02,275,2002,0.4962895655388935
NA,0,337,2002-10-03,276,2002,0
0.308778352193649,478767,338,2002-10-18,291,2002,0.6000451192841073
0.2178361122679861,613144,339,2002-11-11,315,2002,0.7684616204089562
0.22405513576349034,263277,340,2002-11-19,323,2002,0.32996860449814197
0.18734074229492853,11948,341,2002-12-06,340,2002,0.014974589069853425
0.18095088984216295,110194,342,2002-12-21,355,2002,0.13810762202573051
NA,0,343,2002-12-29,363,2002,0
NA,0,344,2003-01-14,14,2003,0
0.16842435808108572,585935,345,2003-01-22,22,2003,0.7343602148179249
0.1618696979487233,614781,346,2003-03-03,62,2003,0.7705132945223936
0.17499632014242517,616783,347,2003-03-11,70,2003,0.7730224280441417
0.2095687387462482,402169,348,2003-03-19,78,2003,0.5040438158381221
0.25085470226774914,575851,349,2003-03-27,86,2003,0.7217218020140748
0.3218127275815886,605903,350,2003-04-12,102,2003,0.7593863777361399
0.40348677198169164,408778,351,2003-04-28,118,2003,0.5123269644121646
NA,0,352,2003-05-06,126,2003,0
NA,0,353,2003-05-14,134,2003,0
0.4335946912309769,452906,354,2003-05-30,150,2003,0.5676331802202071
0.4202731033561808,636947,355,2003-06-23,174,2003,0.7982942403980523
0.4049332245689483,471676,356,2003-07-09,190,2003,0.5911578736284051
0.42424999885247067,324753,357,2003-07-17,198,2003,0.4070173019921417
0.3958327345975259,608837,358,2003-07-25,206,2003,0.7630635993908896
NA,0,359,2003-08-02,214,2003,0
0.3763986182428049,366067,360,2003-08-10,222,2003,0.4587966937591257
0.38520679744846537,541543,361,2003-08-18,230,2003,0.6787231242597618
0.34565173023233503,574447,362,2003-08-26,238,2003,0.7199621499338877
0.32474613153741877,585604,363,2003-09-11,254,2003,0.7339453680668266
0.32664894313132176,454049,364,2003-09-19,262,2003,0.5690657174906159
NA,0,365,2003-09-27,270,2003,0
0.22575820955570675,963,366,2003-10-13,286,2003,0.0012069408498718488
0.24434141678479226,335545,367,2003-10-21,294,2003,0.42054306071676995
0.2505548132539592,79882,368,2003-10-29,302,2003,0.10011718480733439
NA,0,369,2003-11-14,318,2003,0
0.21677314531994152,403343,370,2003-11-22,326,2003,0.5055152058254009
0.1979671134368913,575378,371,2003-11-30,334,2003,0.7211289847534419
0.20378159184592018,393059,372,2003-12-08,342,2003,0.49262613033206537
-0.057373784125237665,56569,373,2003-12-16,350,2003,0.07089868840747726
0.10864905368108431,2616,374,2004-01-01,1,2004,0.003278667978468075
0.1348060048133199,171190,375,2004-02-10,41,2004,0.2145547290649655
0.15216933912188602,611636,376,2004-02-18,49,2004,0.7665716237302368
0.1913587831193791,555856,377,2004-03-13,73,2004,0.6966617996327792
0.22377123795171147,103555,378,2004-03-21,81,2004,0.1297868740482651
0.2678158709908137,609930,379,2004-04-06,97,2004,0.764433470988927
0.3056550146783281,543106,380,2004-04-14,105,2004,0.6806820531780896
0.4275101824707527,629503,381,2004-05-08,129,2004,0.7889645750954085
0.4055248082137101,135588,382,2004-05-24,145,2004,0.16993426370968248
0.41895484942593,416799,383,2004-06-01,153,2004,0.5223797915739737
0.49467695244403004,99575,384,2004-06-09,161,2004,0.1247986865275071
0.34061820339032894,23369,385,2004-07-03,185,2004,0.029288681952913013
0.36696844271586115,2110,386,2004-07-11,193,2004,0.002644491374070198
0.37621210107519343,235797,387,2004-07-19,201,2004,0.29552755096285804
0.38805947216955317,630891,388,2004-07-27,209,2004,0.7907041741604367
0.3715378785024576,491763,389,2004-08-04,217,2004,0.616333180846864
NA,0,390,2004-08-28,241,2004,0
0.3788559390228972,327810,391,2004-09-05,249,2004,0.41084868120092494
0.36393287110740125,110388,392,2004-09-13,257,2004,0.1383507648345313
0.3433914827232752,538131,393,2004-09-21,265,2004,0.6744468187771421
0.30776404595067997,66705,394,2004-09-29,273,2004,0.08360227351059363
0.2860866276995151,349562,395,2004-10-07,281,2004,0.43811075530934906
0.2786298820774712,329130,396,2004-10-15,289,2004,0.4125030549515281
0.24364993308683763,527197,397,2004-11-08,313,2004,0.6607430895429792
NA,0,398,2004-11-16,321,2004,0
0.2107062224489947,589040,399,2004-12-02,337,2004,0.7382517530721846
0.1842528397064086,565461,400,2004-12-18,353,2004,0.708699875295312
0.17651941221128858,433586,401,2004-12-26,361,2004,0.5434191644159246
0.16010869553686058,575927,402,2005-01-19,19,2005,0.7218170538360791
0.1597396658219637,402797,403,2005-01-27,27,2005,0.504830896683106
0.15387838916130045,594602,404,2005-02-04,35,2005,0.7452226824667715
NA,0,405,2005-02-12,43,2005,0
0.21929467687924942,21283,406,2005-03-08,67,2005,0.026674270101581056
0.2699590682084528,635959,407,2005-04-09,99,2005,0.7970559667119949
0.327454791295132,244727,408,2005-04-17,107,2005,0.3067196400483779
0.32036403478536335,6944,409,2005-04-25,115,2005,0.008703008578930548
0.4020111984794225,230672,410,2005-05-03,123,2005,0.28910431954479654
0.4087323779896621,237786,411,2005-05-11,131,2005,0.29802039140978964
0.43256032722431137,226306,412,2005-05-19,139,2005,0.2836323530333319
0.42366830068016764,633038,413,2005-05-27,147,2005,0.7933950381320617
0.46503214704359097,124309,414,2005-06-04,155,2005,0.15579814133615746
0.41130579922411503,529394,415,2005-06-20,171,2005,0.6634966191869756
0.3857103711086605,315008,416,2005-06-28,179,2005,0.3948037624469692
0.43010151721692347,332006,417,2005-07-22,203,2005,0.4161075844263271
0.39064215644879835,636959,418,2005-07-30,211,2005,0.7983092801594215
0.3683105806429128,514820,419,2005-08-07,219,2005,0.6452308290041798
0.320741279404108,155418,420,2005-08-15,227,2005,0.19478746937215263
0.36308403777810927,385564,421,2005-08-23,235,2005,0.4832325460436028
0.35708767736290525,614838,422,2005-08-31,243,2005,0.7705847333888969
0.36390839331183084,483555,423,2005-09-08,251,2005,0.6060459840703861
0.4107397451996803,20,424,2005-09-09,252,2005,2.5066268948532682e-5
NA,0,425,2005-09-24,267,2005,0
0.3172561459232399,631664,426,2005-10-02,275,2005,0.7916729854552974
0.26731115047745113,592127,427,2005-10-18,291,2005,0.7421207316843906
0.2554954892333768,431777,428,2005-10-26,299,2005,0.5411519203895299
0.21453792353579537,235295,429,2005-11-03,307,2005,0.2948983876122499
0.2049042853935347,496923,430,2005-11-11,315,2005,0.6228002782355854
0.1772941708084444,598744,431,2005-11-19,323,2005,0.7504139067660126
NA,0,432,2005-12-13,347,2005,0
NA,0,433,2006-01-14,14,2006,0
NA,0,434,2006-01-30,30,2006,0
0.1492749336065698,609880,435,2006-02-07,38,2006,0.7643708053165557
0.15002833782313366,231029,436,2006-02-15,46,2006,0.2895517524455279
0.13198208081427978,463524,437,2006-02-23,54,2006,0.5809408624049832
0.2568537424177682,540813,438,2006-04-04,94,2006,0.6778082054431404
0.27599400518988954,592387,439,2006-04-12,102,2006,0.7424465931807215
0.40681005865434405,628538,440,2006-04-28,118,2006,0.7877551276186417
0.41425715822350995,339300,441,2006-05-06,126,2006,0.425249252711857
0.5690442172455233,2150,442,2006-05-22,142,2006,0.0026946239119672636
0.4139450762827283,580651,443,2006-05-30,150,2006,0.7277377065617225
0.4478076507746153,332718,444,2006-06-07,158,2006,0.4169999436008949
0.39179803122644946,534657,445,2006-06-15,166,2006,0.670092807860782
0.4129499297353877,133592,446,2006-06-23,174,2006,0.1674326500686189
0.3916254020392458,633845,447,2006-07-01,182,2006,0.7944064620841349
0.42770140492190817,1734,448,2006-07-09,190,2006,0.002173245517837784
0.39351606338390716,447780,449,2006-07-17,198,2006,0.5612086954886982
0.4073748439331498,336895,450,2006-07-25,206,2006,0.4222350338707959
0.3562252634879545,601902,451,2006-08-02,214,2006,0.7543718706329859
0.3416580958728855,494053,452,2006-08-10,222,2006,0.6192032686414709
0.3712925628658975,521342,453,2006-08-18,230,2006,0.6534049393082964
0.3729579211466681,145905,454,2006-08-26,238,2006,0.18286469854678306
0.33693339320851307,135024,455,2006-09-11,254,2006,0.16922739492533384
0.3266862286410925,625758,456,2006-09-19,262,2006,0.7842709162347957
0.33364046241531986,535745,457,2006-09-27,270,2006,0.6714564128915821
0.2726415106398891,281210,458,2006-10-05,278,2006,0.3524442745508438
0.30313990778920347,538461,459,2006-10-13,286,2006,0.6748604122147929
0.25976721174229245,612889,460,2006-10-21,294,2006,0.7681420254798624
0.24356447710804865,520455,461,2006-10-29,302,2006,0.6522932502804288
0.18364932853467533,456455,462,2006-11-14,318,2006,0.5720811896451243
0.1825009059103403,597507,463,2006-11-22,326,2006,0.7488635580315459
0.16268156960000923,579481,464,2006-12-08,342,2006,0.7262713298282334
0.18976229581408355,21772,465,2006-12-16,350,2006,0.02728714037737268
0.18020215025171638,32,466,2006-12-17,351,2006,4.010603031765229e-5
0.15840157088119713,478570,467,2006-12-24,358,2006,0.5997982165349643
0.17310594599943716,14645,468,2007-01-02,2,2007,0.01835477543756306
0.16715746237074205,203397,469,2007-01-09,9,2007,0.2549201952662351
NA,0,470,2007-01-17,17,2007,0
NA,0,471,2007-02-02,33,2007,0
0.15711765245861473,51490,472,2007-02-03,34,2007,0.06453310940799739
NA,0,473,2007-02-10,41,2007,0
0.1623813230297645,431771,474,2007-02-18,49,2007,0.5411444005088453
0.17803572490640696,45945,475,2007-02-19,50,2007,0.05758348634201671
0.18187804207695568,118212,476,2007-02-26,57,2007,0.14815668924719727
0.18000918257011791,528684,477,2007-03-06,65,2007,0.6626067666393026
0.18866214171670578,40815,478,2007-03-07,66,2007,0.051153988356718076
NA,0,479,2007-03-14,73,2007,0
NA,0,480,2007-03-22,81,2007,0
0.2471819472549146,58149,481,2007-03-23,82,2007,0.07287892365441136
0.27347801023548995,382699,482,2007-03-30,89,2007,0.4796418030167255
0.3401091373530385,187826,483,2007-04-07,97,2007,0.235404851576355
0.3101940684761772,55481,484,2007-04-08,98,2007,0.06953508337667709
NA,0,485,2007-04-23,113,2007,0
0.30891908428384673,619073,486,2007-05-01,121,2007,0.7758925158387487
0.36391791991649497,114066,487,2007-05-09,129,2007,0.14296045169416646
0.3759198974674736,646741,488,2007-05-17,137,2007,0.8105691923021489
0.4059547398622848,419948,489,2007-05-25,145,2007,0.5263264756199202
NA,0,490,2007-05-26,146,2007,0
NA,0,491,2007-06-02,153,2007,0
0.3755579110605909,569137,492,2007-06-10,161,2007,0.7133070555280523
0.43692618009753953,12899,493,2007-06-18,169,2007,0.016166490158356153
0.3644158344678205,516888,494,2007-06-26,177,2007,0.6478226812134581
0.27100728903999804,21901,495,2007-07-04,185,2007,0.027448817812090714
0.36532752031476184,442793,496,2007-07-12,193,2007,0.5549584213263816
0.34809279701976353,136009,497,2007-07-28,209,2007,0.17046190867104907
0.31175432591882357,544180,498,2007-08-05,217,2007,0.6820281118206257
0.2916006653383036,238604,499,2007-08-13,225,2007,0.2990456018097846
0.2739818333394072,132038,500,2007-08-21,233,2007,0.1654850009713179
0.16237945846787427,7961,501,2007-08-29,241,2007,0.009977628354963434
NA,0,502,2007-09-14,257,2007,0
0.2627985927495507,481352,503,2007-09-22,265,2007,0.6032849345457052
0.2864030081348779,539273,504,2007-09-30,273,2007,0.6758781027341033
0.2566695793603043,71190,505,2007-10-16,289,2007,0.08922338432230209
NA,0,506,2007-11-01,305,2007,0
NA,0,507,2007-11-17,321,2007,0
0.2014297016185412,510031,508,2007-12-03,337,2007,0.6392287109044537
0.17007070831685484,380897,509,2008-01-04,4,2008,0.47738333218446266
0.18441025587531018,512763,510,2008-01-20,20,2008,0.6426527632428232
NA,0,511,2008-03-08,68,2008,0
0.29428124142951084,497618,512,2008-04-17,108,2008,0.6236713310815468
0.3770063676725363,372703,513,2008-04-25,116,2008,0.46711368179624885
0.389338963521586,548291,514,2008-05-03,124,2008,0.6871804834029966
0.3992295388920162,642885,515,2008-05-19,140,2008,0.8057364156488717
0.4305124617408222,214497,516,2008-06-04,156,2008,0.26883197453267077
0.3817335827487164,407825,517,2008-06-12,164,2008,0.511132556696767
0.3674539284122761,307087,518,2008-06-28,180,2008,0.3848762666299028
0.366051171707228,285196,519,2008-07-06,188,2008,0.3574399819522864
0.4008457877225168,534647,520,2008-07-14,196,2008,0.6700802747263077
0.5306567491747398,905,521,2008-07-22,204,2008,0.0011342486699211039
0.3808740851233543,380974,522,2008-07-30,212,2008,0.4774798373199145
NA,0,523,2008-08-16,229,2008,0
0.3481427697641044,567205,524,2008-08-31,244,2008,0.710885653947624
0.2513793686420144,2067,525,2008-09-01,245,2008,0.002590598895830853
0.36721701523730665,183747,526,2008-09-08,252,2008,0.23029258602430175
0.2949846720915829,64446,527,2008-09-16,260,2008,0.08077103843285686
0.3106297453229009,4001,528,2008-09-17,261,2008,0.005014507103153963
0.300467266155812,632984,529,2008-09-24,268,2008,0.7933273592059006
0.28192422588069754,475380,530,2008-10-02,276,2008,0.5958001466376733
0.26587180779329117,6513,531,2008-10-03,277,2008,0.008162830483089668
0.272757471062212,621556,532,2008-10-10,284,2008,0.779004493128709
0.29025108267035316,548804,533,2008-10-18,292,2008,0.6878234332015265
0.2788532802320783,37550,534,2008-10-19,293,2008,0.04706191995087011
0.27007686237265077,604441,535,2008-10-26,300,2008,0.7575540334760021
0.25494169620389495,520719,536,2008-11-03,308,2008,0.6526241250305496
0.22746139437353713,12092,537,2008-11-04,309,2008,0.01515506620628286
0.19933497039433193,529779,538,2008-11-19,324,2008,0.6639791448642348
0.17717343680024805,429763,539,2008-11-27,332,2008,0.5386277471064126
0.13077737830880787,102544,540,2008-12-05,340,2008,0.12851977415291677
NA,0,541,2008-12-13,348,2008,0
0.1533342778434705,509102,542,2008-12-21,356,2008,0.6380643827117943
0.1591025972712685,458654,543,2009-01-14,14,2009,0.5748372259160155
0.14603791815072806,528528,544,2009-01-22,22,2009,0.6624112497415041
0.15166519937682052,593800,545,2009-01-30,30,2009,0.7442175250819354
0.14249358413502572,149000,546,2009-02-07,38,2009,0.18674370366656848
NA,0,547,2009-02-15,46,2009,0
0.1670170131302653,557955,548,2009-02-23,54,2009,0.6992925045589277
0.14772747040515183,1262,549,2009-03-03,62,2009,0.0015816815706524124
0.26292360582913726,370254,550,2009-04-04,94,2009,0.46404431716350103
0.27991197615957875,207308,551,2009-04-12,102,2009,0.25982190415912065
NA,0,552,2009-05-14,134,2009,0
0.40473373071364904,201351,553,2009-05-22,142,2009,0.2523559159528002
0.43672808927249795,403271,554,2009-05-30,150,2009,0.5054249672571862
0.43177338114153074,374921,555,2009-06-07,158,2009,0.4698935310226411
0.4123194897604495,499275,556,2009-06-23,174,2009,0.6257480714639327
0.4187968585084147,314861,557,2009-07-01,182,2009,0.39461952537019745
0.4160315652976665,601966,558,2009-07-09,190,2009,0.7544520826936213
0.4040690126585912,640435,559,2009-07-25,206,2009,0.8026657977026764
0.3912029873391138,83311,560,2009-08-02,214,2009,0.10441479661856032
0.4264408034793922,173300,561,2009-08-10,222,2009,0.2171992204390357
0.3748697635309016,253137,562,2009-08-26,238,2009,0.3172600061412359
0.35321274453150364,65400,563,2009-09-03,246,2009,0.08196669946170188
0.3210037595728597,280046,564,2009-09-27,270,2009,0.3509854176980392
NA,0,565,2009-10-05,278,2009,0
0.2311774580250137,5929,566,2009-10-21,294,2009,0.007430895429792514
0.2263775714832221,535177,567,2009-11-06,310,2009,0.6707445308534438
0.21819437234988365,578362,568,2009-11-14,318,2009,0.7248688720805629
NA,0,569,2009-11-22,326,2009,0
0.17189142306189512,568901,570,2009-12-16,350,2009,0.7130112735544596
NA,0,571,2009-12-24,358,2009,0
0.1544620241404514,620832,572,2010-02-18,49,2010,0.7780970941927722
0.15571155347577373,455880,573,2010-02-26,57,2010,0.571360534412854
0.1549315433240553,615177,574,2010-03-06,65,2010,0.7710096066475746
NA,0,575,2010-03-07,66,2010,0
0.19949391815397474,36,576,2010-03-23,82,2010,4.511928410735883e-5
0.22925778829079185,530119,577,2010-03-30,89,2010,0.6644052714363599
0.35594886183074287,550578,578,2010-04-15,105,2010,0.6900468112572614
0.3809341559914582,529198,579,2010-04-23,113,2010,0.66325096975128
0.40338006626096873,612053,580,2010-05-09,129,2010,0.7670942554378137
0.47188154261922927,124225,581,2010-05-17,137,2010,0.15569286300657362
0.4683998871789339,306736,582,2010-05-25,145,2010,0.38443635360985606
0.44158973204448315,406195,583,2010-06-02,153,2010,0.5090896557774617
0.39096765147928036,71662,584,2010-06-10,161,2010,0.08981494826948745
0.40398400985599137,230603,585,2010-06-26,177,2010,0.2890178409169241
0.38005123197245294,450246,586,2010-07-04,185,2010,0.5642993664500523
0.4016349663638583,41369,587,2010-07-20,201,2010,0.05184832400659243
0.39716169997067036,281127,588,2010-07-28,209,2010,0.3523402495347074
0.3366042086164737,140605,589,2010-08-05,217,2010,0.1762221372754219
0.3537815976375972,637530,590,2010-08-13,225,2010,0.7990249221379021
NA,0,591,2010-08-21,233,2010,0
NA,0,592,2010-08-29,241,2010,0
0.34507360800786985,558119,593,2010-09-06,249,2010,0.6994980479643056
0.34160256108240344,228759,594,2010-09-14,257,2010,0.2867067309198694
0.32023234994525224,552411,595,2010-09-22,265,2010,0.6923441348063945
0.2988337858673262,616435,596,2010-09-30,273,2010,0.7725862749644372
0.2774018619425098,549342,597,2010-10-08,281,2010,0.6884977158362421
0.20273781451396644,80,598,2010-10-09,282,2010,1.0026507579413073e-4
0.2438374445251242,618220,599,2010-10-16,289,2010,0.7748234394680937
0.2044759151206106,199733,600,2010-10-24,297,2010,0.2503280547948639
NA,0,601,2010-10-25,298,2010,0
0.19203934022939212,105260,602,2010-11-01,305,2010,0.13192377347612752
0.19394450744309963,543421,603,2010-11-09,313,2010,0.6810768469140289
NA,0,604,2010-11-25,329,2010,0
NA,0,605,2010-12-03,337,2010,0
0.149221862117421,587862,606,2010-12-19,353,2010,0.736775349831116
NA,0,607,2010-12-27,361,2010,0
0.1382057359418162,587159,608,2011-01-04,4,2011,0.735894270477575
0.042593673302215,379,609,2011-01-12,12,2011,4.7500579657469436e-4
0.12427854207852435,135380,610,2011-01-28,28,2011,0.16967357451261772
0.12891480128085575,489185,611,2011-02-13,44,2011,0.613102138779398
0.1665601205287898,555698,612,2011-03-01,60,2011,0.6964637761080857
0.20082347400076547,529724,613,2011-03-17,76,2011,0.6639102126246264
0.25103908758995025,476499,614,2011-04-02,92,2011,0.5972026043853438
0.2857719103194566,609923,615,2011-04-10,100,2011,0.7644246977947949
0.29965302621942247,12792,616,2011-04-18,108,2011,0.016032385619481504
0.4360678566510881,436549,617,2011-05-04,124,2011,0.5471327321606497
0.35795416184410017,21154,618,2011-05-12,132,2011,0.026512592666863018
0.42110776954359785,493231,619,2011-05-20,140,2011,0.6181730449876862
0.38559783739008596,797,620,2011-05-28,148,2011,9.988908175990274e-4
0.40585197433028863,482885,621,2011-06-05,156,2011,0.6052062640606103
0.38874376285628026,641040,622,2011-06-13,164,2011,0.8034240523383696
0.41928786657414624,617575,623,2011-06-29,180,2011,0.7740150522945036
0.3912657879451306,327873,624,2011-07-23,204,2011,0.4109276399481128
0.37420562500227095,378600,625,2011-07-31,212,2011,0.4745044711957237
0.38892105269619975,523668,626,2011-08-08,220,2011,0.6563201463870106
0.34955612786994333,317172,627,2011-08-16,228,2011,0.39751593274720043
0.33542338409026834,354752,628,2011-08-24,236,2011,0.44461545210149334
0.3294774157332747,635044,629,2011-09-01,244,2011,0.7959091849075994
0.3459247651769383,416794,630,2011-09-09,252,2011,0.5223735250067365
0.32681710164457567,368527,631,2011-09-17,260,2011,0.4618798448397952
0.34133099857343996,446485,632,2011-09-25,268,2011,0.5595856545742808
0.323674445544446,624003,633,2011-10-03,276,2011,0.7820713511345619
0.16869241209355648,105699,634,2011-11-12,316,2011,0.1324739780795478
0.12392690476087788,5038,635,2011-12-14,348,2011,0.0063141931481353825
0.16841549754047988,522089,636,2012-01-15,15,2012,0.654341164453524
0.13910428360399088,62142,637,2012-01-31,31,2012,0.0778834042499859
0.20802110914881836,554345,638,2012-03-03,63,2012,0.6947680430137175
NA,0,639,2012-03-19,79,2012,0
0.41630815268845167,76522,640,2012-04-04,95,2012,0.0959060516239809
0.45704846219891904,101216,641,2012-04-20,111,2012,0.1268553738947342
NA,0,642,2012-04-29,120,2012,0
0.41544459428542413,538094,643,2012-05-06,127,2012,0.6744004461795873
0.42579891503727435,336294,644,2012-05-22,143,2012,0.4214817924888925
0.3572309337563405,124824,645,2012-06-07,159,2012,0.15644359776158218
0.36767945096724247,587851,646,2012-06-23,175,2012,0.7367615633831943
0.33830227164722076,80329,647,2012-07-09,191,2012,0.1006774159183341
0.3891047113413368,372392,648,2012-07-25,207,2012,0.46672390131409913
0.405699624149522,74449,649,2012-08-10,223,2012,0.09330793284746548
0.3961200253943065,225404,650,2012-08-26,239,2012,0.28250186430375307
0.36783170703044266,570550,651,2012-09-11,255,2012,0.7150779874292661
0.32992200621162787,243001,652,2012-09-27,271,2012,0.30455642103811953
NA,0,653,2012-10-13,287,2012,0
0.25527173714136436,476295,654,2012-10-29,303,2012,0.5969469284420688
0.1429308657621625,76841,655,2012-11-14,319,2012,0.09630585861371
0.17901736022236123,537060,656,2012-11-30,335,2012,0.6731045200749481
0.10590592057734052,11428,657,2013-01-17,17,2013,0.014322866077191574
0.16837175220387401,183945,658,2013-02-02,33,2013,0.2305407420868922
0.15876301348096789,175335,659,2013-02-18,49,2013,0.2197497133045489
0.19791941849569342,60461,660,2013-04-07,97,2013,0.07577658434486173
0.3106604163206133,538762,661,2013-04-15,105,2013,0.6752376595624683
NA,0,662,2013-04-23,113,2013,0
0.4392779063342027,339483,663,2013-05-01,121,2013,0.42547860907273605
0.4141723705491676,279836,664,2013-05-09,129,2013,0.3507222218740796
NA,0,665,2013-05-17,137,2013,0
0.4186327695700448,583589,666,2013-05-25,145,2013,0.731419941470262
0.8736652731895447,3,667,2013-06-02,153,2013,3.7599403422799027e-6
0.46197862152848035,46920,668,2013-06-10,161,2013,0.058805466953257675
0.5463735565596692,58611,669,2013-06-18,169,2013,0.07345795446712246
0.440473273362556,257171,670,2013-06-26,177,2013,0.3223158725881549
NA,0,671,2013-07-04,185,2013,0
0.46135491504412746,305087,672,2013-07-12,193,2013,0.38236963973504956
0.4702690690405478,267748,673,2013-07-20,201,2013,0.3355721689215864
0.3884171019226358,285030,674,2013-08-05,217,2013,0.3572319319200135
0.4376953338328632,236094,675,2013-08-21,233,2013,0.29589978505674375
0.3813541141304025,289294,676,2013-08-29,241,2013,0.3625760604598407
0.3696170022280518,635785,677,2013-09-06,249,2013,0.7968378901721426
0.3376465489330371,572780,678,2013-09-14,257,2013,0.7178728764170275
0.3513612590510178,622460,679,2013-09-22,265,2013,0.7801374884851827
0.29229212616984734,399640,680,2013-09-30,273,2013,0.5008741861295801
0.3238701733880738,624137,681,2013-10-08,281,2013,0.7822392951365171
NA,0,682,2013-10-24,297,2013,0
0.21175553439866504,567217,683,2013-11-01,305,2013,0.7109006937089931
NA,0,684,2013-11-09,313,2013,0
NA,0,685,2013-11-25,329,2013,0
0.17968254476385886,118485,686,2013-12-11,345,2013,0.14849884381834474
NA,0,687,2013-12-19,353,2013,0
0.18443483761947133,598436,688,2013-12-27,361,2013,0.7500278862242052
0.15878925503458247,481934,689,2014-01-04,4,2014,0.6040143629721075
0.17815673974512197,606728,690,2014-01-12,12,2014,0.7604203613302669
0.14368422620479618,520063,691,2014-01-20,20,2014,0.6518019514090376
NA,0,692,2014-01-28,28,2014,0
0.1581878074187976,6663,693,2014-01-29,29,2014,0.008350827500203663
0.15871825673268972,622519,694,2014-02-13,44,2014,0.7802114339785808
0.14834873172331958,560162,695,2014-02-21,52,2014,0.7020585673373982
NA,0,696,2014-03-01,60,2014,0
0.15465690697797244,572742,697,2014-03-09,68,2014,0.7178252505060253
NA,0,698,2014-03-17,76,2014,0
0.24139350520346525,227667,699,2014-04-02,92,2014,0.28533811263527953
0.2494530353109346,567997,700,2014-04-10,100,2014,0.7118782781979859
NA,0,701,2014-04-18,108,2014,0
0.3507610320304662,565255,702,2014-04-26,116,2014,0.7084416927251421
0.4181225249829394,630349,703,2014-05-04,124,2014,0.7900248782719315
0.3889424576869065,456350,704,2014-05-12,132,2014,0.5719495917331445
0.443692384120764,545670,705,2014-05-20,140,2014,0.6838955488572914
0.4384719043955649,218286,706,2014-05-28,148,2014,0.27358077918497026
NA,0,707,2014-06-05,156,2014,0
0.4401281485253376,516915,708,2014-06-21,172,2014,0.6478565206765386
0.42163129562162727,507124,709,2014-07-07,188,2014,0.6355853287127844
0.4012194058304233,447890,710,2014-07-15,196,2014,0.5613465599679152
0.4177975651009411,278779,711,2014-07-23,204,2014,0.34939746956014966
0.37448376002420536,249901,712,2014-07-31,212,2014,0.3132042838253633
NA,0,713,2014-08-08,220,2014,0
0.41503041890503123,609029,714,2014-08-24,236,2014,0.7633042355727956
0.3597731574650862,377022,715,2014-09-01,244,2014,0.47252674257568444
0.39485565139046036,438282,716,2014-09-09,252,2014,0.5493047243650401
0.27320246103625756,19965,717,2014-09-17,260,2014,0.02502240297787275
0.34802975910319617,630612,718,2014-09-25,268,2014,0.7903544997086046
NA,0,719,2014-10-11,284,2014,0
0.29563389869541595,569413,720,2014-10-19,292,2014,0.7136529700395421
0.2993222078860944,193255,721,2014-10-27,300,2014,0.24220909028243418
NA,0,722,2014-11-04,308,2014,0
NA,0,723,2014-11-12,316,2014,0
0.193068070096604,555710,724,2014-11-20,324,2014,0.6964788158694549
0.20807964247797092,602942,725,2014-11-28,332,2014,0.7556753166183097
NA,0,726,2014-12-14,348,2014,0
0.1857503580069264,597956,727,2014-12-30,364,2014,0.7494262957694404
NA,0,728,2015-01-15,15,2015,0
NA,0,729,2015-01-31,31,2015,0
NA,0,730,2015-02-16,47,2015,0
NA,0,731,2015-02-24,55,2015,0
0.13957133271111552,311,732,2015-03-12,71,2015,3.8978048214968324e-4
NA,0,733,2015-03-20,79,2015,0
0.2148943333427065,450211,734,2015-03-28,87,2015,0.5642555004793924
0.2746512885041711,347143,735,2015-04-05,95,2015,0.43507899008002404
0.37979559146098374,626794,736,2015-04-21,111,2015,0.7855693489663297
0.39843146455259565,570941,737,2015-04-29,119,2015,0.71556803298721
0.43174403437432635,637737,738,2015-05-07,127,2015,0.7992843580215194
0.39829001315520945,18918,739,2015-05-15,135,2015,0.023710183798417064
0.481811691558242,203058,740,2015-05-23,143,2015,0.2544953220075575
0.6866175991765242,12316,741,2015-06-08,159,2015,0.015435808418506426
0.45638640255350815,307498,742,2015-06-16,167,2015,0.38539137845679516
NA,0,743,2015-06-24,175,2015,0
0.44359975990391276,446240,744,2015-07-10,191,2015,0.5592785927796612
0.4446779773416652,5233,745,2015-07-18,199,2015,0.006558589270383577
0.4217322074054709,268173,746,2015-07-26,207,2015,0.3361048271367428
0.37174871691898137,502438,747,2015-08-03,215,2015,0.6297123018981432
0.43332327789597613,278168,748,2015-08-11,223,2015,0.34863169504377195
0.36254658939543577,141101,749,2015-08-19,231,2015,0.1768437807453455
0.3693852633076288,618542,750,2015-08-27,239,2015,0.7752270063981651
0.31472629484282105,544098,751,2015-09-04,247,2015,0.6819253401179368
0.5492586448462243,2237,752,2015-09-12,255,2015,0.0028036621818933807
0.29575267643217634,435690,753,2015-09-20,263,2015,0.5460561359093102
NA,0,754,2015-09-28,271,2015,0
0.2644196882149278,577743,755,2015-10-06,279,2015,0.7240930710566059
0.28355096307096217,621368,756,2015-10-14,287,2015,0.7787688702005928
0.2363480967831322,565818,757,2015-10-22,295,2015,0.7091473081960433
0.2419878676445334,619560,758,2015-10-30,303,2015,0.7765028794876455
NA,0,759,2015-11-07,311,2015,0
NA,0,760,2015-11-15,319,2015,0
0.1962316711252291,540892,761,2015-11-23,327,2015,0.677907217205487
NA,0,762,2015-12-01,335,2015,0
0.20082640212666103,606286,763,2015-12-17,351,2015,0.7598663967865044
0.21173943806950266,601179,764,2016-01-02,2,2016,0.7534657250104965
0.1942742147597657,584334,765,2016-01-18,18,2016,0.7323536599885948
0.1968415160595063,616836,766,2016-02-03,34,2016,0.7730888536568553
0.16829001645009656,415123,767,2016-02-11,42,2016,0.5202792382360867
0.1815844501396752,560732,768,2016-02-27,58,2016,0.7027729560024314
0.20487978775040586,314168,769,2016-03-06,66,2016,0.3937509791511308
0.2614084567671843,613526,770,2016-03-22,82,2016,0.7689403861458731
NA,0,771,2016-03-30,90,2016,0
0.37143283481559447,217,772,2016-04-07,98,2016,2.719690180915796e-4
0.3240569628744811,576631,773,2016-04-15,106,2016,0.7226993865030675
0.4162809019843991,326804,774,2016-04-23,114,2016,0.40958784787281377
NA,0,775,2016-05-09,130,2016,0
NA,0,776,2016-05-17,138,2016,0
NA,0,777,2016-05-25,146,2016,0
0.4405045519259147,638469,778,2016-06-10,162,2016,0.8002017834650357
0.42033578956745216,429644,779,2016-06-18,170,2016,0.5384786028061688
0.43292968889288236,554161,780,2016-06-26,178,2016,0.694537433339391
0.40925913944229864,517690,781,2016-07-04,186,2016,0.6488278385982943
0.5137748194721159,22036,782,2016-07-12,194,2016,0.02761801512749331
0.4398105081073737,175571,783,2016-07-20,202,2016,0.22004549527814157
NA,0,784,2016-07-28,210,2016,0
0.4025514735658984,325182,785,2016-08-05,218,2016,0.40755497346108777
NA,0,786,2016-08-13,226,2016,0
0.39956025322453786,355133,787,2016-08-29,242,2016,0.4450929645249629
0.34933829589399185,576311,788,2016-09-06,250,2016,0.722298326199891
0.33801749934654696,428418,789,2016-09-14,258,2016,0.5369420405196238
0.3178140889186085,568281,790,2016-09-22,266,2016,0.7122342192170551
NA,0,791,2016-09-30,274,2016,0
0.28851962654438756,550369,792,2016-10-08,282,2016,0.6897848687467493
0.2872770997368096,259663,793,2016-10-16,290,2016,0.3254391296991421
0.23376677994791442,541235,794,2016-10-24,298,2016,0.6783371037179543
0.23746221194854436,614335,795,2016-11-01,306,2016,0.7699543167248413
0.19812655536410195,438843,796,2016-11-09,314,2016,0.5500078332090464
0.21396178819892683,564031,797,2016-11-17,322,2016,0.7069076370654919
NA,0,798,2016-12-03,338,2016,0
0.11599302308603189,488087,799,2016-12-11,346,2016,0.6117260006141236
0.05573130601105538,47,800,2016-12-19,354,2016,5.890573202905181e-5
0.12186140463569332,545522,801,2016-12-27,362,2016,0.6837100584670723
NA,0,802,2017-01-04,4,2017,0
0.12269306429555873,1011,803,2017-01-20,20,2017,0.0012670998953483272
0.1293753118276547,536926,804,2017-01-28,28,2017,0.672936576072993
0.1544152035059341,300798,805,2017-02-05,36,2017,0.3769941783590367
0.13331189483995565,539529,806,2017-02-13,44,2017,0.6761989509766445
NA,0,807,2017-02-21,52,2017,0
0.20711108899743458,609626,808,2017-03-09,68,2017,0.7640524637009093
NA,0,809,2017-03-25,84,2017,0
0.23835731897431164,477606,810,2017-04-02,92,2017,0.598590022371645
0.3016205282417361,631125,811,2017-04-10,100,2017,0.7909974495071345
0.4171630200860712,631768,812,2017-04-26,116,2017,0.7918033300538299
NA,0,813,2017-05-12,132,2017,0
0.5783926998120072,17629,814,2017-05-20,140,2017,0.022094662764684133
0.48155040324447296,279153,815,2017-05-28,148,2017,0.3498662087894872
0.4919574811813063,256878,816,2017-06-13,164,2017,0.3219486517480589
NA,0,817,2017-06-21,172,2017,0
0.48584422059081506,189497,818,2017-06-29,180,2017,0.2374991383470049
0.45000522570014095,353638,819,2017-07-07,188,2017,0.44321926092106007
NA,0,820,2017-07-15,196,2017,0
0.383037155207783,277754,821,2017-07-23,204,2017,0.34811282327653736
0.41794541937896285,243161,822,2017-07-31,212,2017,0.3047569511897078
0.3853105174004855,557138,823,2017-08-08,220,2017,0.6982685474723801
0.4635436101984463,54231,824,2017-08-16,228,2017,0.0679684415673938
0.36020758996970764,424045,825,2017-08-24,236,2017,0.5314613008140271
NA,0,826,2017-09-01,244,2017,0
0.3352408920097063,562650,827,2017-09-09,252,2017,0.7051768111945957
0.33403463583666626,605458,828,2017-09-17,260,2017,0.7588286532520351
0.2954095218349439,556599,829,2017-09-25,268,2017,0.6975930115242172
0.3061791421796091,609196,830,2017-10-03,276,2017,0.7635135389185158
0.2770116050821045,618850,831,2017-10-19,292,2017,0.7756130269399726
NA,0,832,2017-10-20,293,2017,0
0.23646867316856215,193913,833,2017-10-27,300,2017,0.2430337705308409
NA,0,834,2017-11-04,308,2017,0
0.20628844668111176,1894,835,2017-11-05,309,2017,0.0023737756694260453
0.19116740934884102,284798,836,2017-11-20,324,2017,0.3569411632002106
0.19281503435219058,4268,837,2017-11-21,325,2017,0.0053491417936168744
0.18302143643068408,497168,838,2017-11-28,332,2017,0.6231073400302048
NA,0,839,2017-12-06,340,2017,0
0.11330043557973113,256,840,2017-12-07,341,2017,3.208482425412183e-4
NA,0,841,2017-12-14,348,2017,0
NA,0,842,2017-12-22,356,2017,0
NA,0,843,2018-01-07,7,2018,0
0.12617841443169156,10073,844,2018-01-15,15,2018,0.012624626355928486
0.1388955915377612,2504,845,2018-01-23,23,2018,0.003138296872356292
0.13599569101962447,30794,846,2018-01-31,31,2018,0.03859453430005577
0.1630594482547262,617451,847,2018-02-08,39,2018,0.7738596414270227
0.18979866062704384,5125,848,2018-02-24,55,2018,0.0064232314180615
0.1919142602098741,546125,849,2018-03-04,63,2018,0.6844658064758706
0.2271160625869266,600871,850,2018-03-12,71,2018,0.7530797044686891
NA,0,851,2018-03-28,87,2018,0
0.26407293617149813,41113,852,2018-04-05,95,2018,0.05152747576405121
0.2958248960841121,630409,853,2018-04-13,103,2018,0.790100077078777
0.2849312196789558,156513,854,2018-04-21,111,2018,0.1961598475970848
0.3739851752455857,630883,855,2018-04-29,119,2018,0.7906941476528573
0.4087538439271857,569649,856,2018-05-07,127,2018,0.7139487520131347
0.4582777985232827,226427,857,2018-05-15,135,2018,0.2837840039604705
0.4344752352633029,490727,858,2018-05-23,143,2018,0.6150347481153299
0.45829251114553915,543396,859,2018-05-31,151,2018,0.6810455140778433
0.38570905149842416,422666,860,2018-06-08,159,2018,0.5297329815700258
0.43657824989038807,625767,861,2018-06-16,167,2018,0.7842821960558226
0.3791596770356563,68915,862,2018-06-24,175,2018,0.08637209622940649
0.4857209040549666,54840,863,2018-07-02,183,2018,0.06873170945687662
0.37163054862481104,8110,864,2018-07-10,191,2018,0.010164372058630003
0.4533572866817642,482945,865,2018-07-18,199,2018,0.6052814628674559
0.40305561243145643,332569,866,2018-07-26,207,2018,0.4168131998972283
0.3907352434668262,561910,867,2018-08-03,215,2018,0.7042493592435
0.36076508021516335,561740,868,2018-08-11,223,2018,0.7040362959574374
0.4122381248644466,260170,869,2018-08-19,231,2018,0.3260745596169874
0.3630827803860496,535102,870,2018-08-27,239,2018,0.6706505323448868
0.36378887324676895,589873,871,2018-09-04,247,2018,0.739295763173891
0.3121073526036827,352199,872,2018-09-12,255,2018,0.4414157428702131
0.3331736869341808,635677,873,2018-09-20,263,2018,0.7967025323198206
0.3017627668195545,498895,874,2018-09-28,271,2018,0.6252718123539106
0.32355101557795335,487605,875,2018-10-06,279,2018,0.611121903532464
-0.00177680866258428,6574,876,2018-10-14,287,2018,0.008239282603382693
0.284271301988249,36734,877,2018-10-22,295,2018,0.04603921617776998
0.2207985694060934,54327,878,2018-10-30,303,2018,0.06808875965834675
NA,0,879,2018-11-07,311,2018,0
NA,0,880,2018-11-23,327,2018,0
NA,0,881,2018-12-09,343,2018,0
0.15018663363110635,31,882,2018-12-10,344,2018,3.885271687022566e-5
0.1651017343828941,520085,883,2018-12-17,351,2018,0.6518295243048811
NA,0,884,2018-12-25,359,2018,0
0.18727437765235447,526425,885,2019-01-10,10,2019,0.6597755315615659
0.19088695864399258,618574,886,2019-01-26,26,2019,0.7752671124284828
0.16667156699327002,510726,887,2019-02-03,34,2019,0.6400997637504151
NA,0,888,2019-02-11,42,2019,0
0.20661449044614608,310112,889,2019-02-27,58,2019,0.3886675398083684
0.2583511214703321,140,890,2019-03-15,74,2019,1.7546388263972877e-4
0.21293298194282934,19,891,2019-03-16,75,2019,2.3812955501106048e-5
0.21979801116812336,548241,892,2019-03-23,82,2019,0.6871178177306253
0.3327568681515599,21115,893,2019-03-31,90,2019,0.02646371344241338
0.22671707281513157,452,894,2019-04-01,91,2019,5.664976782368387e-4
0.3517136534740496,630015,895,2019-04-16,106,2019,0.7896062715804909
NA,0,896,2019-04-17,107,2019,0
0.3829066775972449,405827,897,2019-04-24,114,2019,0.5086284364288086
0.4714364480818598,72784,898,2019-05-02,122,2019,0.09122116595750014
NA,0,899,2019-05-03,123,2019,0
0.4530555437296764,561591,900,2019-05-18,138,2019,0.7038495522537709
NA,0,901,2019-05-19,139,2019,0
0.41476196195017695,449128,902,2019-05-26,146,2019,0.5628981620158293
0.4065921856559085,633151,903,2019-06-03,154,2019,0.7935366625516208
NA,0,904,2019-06-04,155,2019,0
NA,0,905,2019-06-11,162,2019,0
0.47391209971803216,290551,906,2019-06-19,170,2019,0.364151475463256
0.39620170487326245,380812,907,2019-06-27,178,2019,0.4772768005414314
0.4611535916019109,241141,908,2019-07-05,186,2019,0.302225258025906
0.36312987013567655,3479,909,2019-07-06,187,2019,0.00436027748359726
0.4068625771899744,45465,910,2019-07-13,194,2019,0.05698189588725192
NA,0,911,2019-07-21,202,2019,0
0.38469950795952457,475589,912,2019-07-29,210,2019,0.5960620891481855
0.46197023861300346,110348,913,2019-08-06,218,2019,0.13830063229663422
0.41016935519171305,183256,914,2019-08-14,226,2019,0.22967720912161527
0.3837210829510875,220169,915,2019-08-22,234,2019,0.27594076840647463
NA,0,916,2019-08-23,235,2019,0
0.35882199520950253,555434,917,2019-08-30,242,2019,0.6961329013579651
0.3537321753685554,405281,918,2019-09-07,250,2019,0.5079441272865137
0.2908346648063855,1234,919,2019-09-08,251,2019,0.0015465887941244665
NA,0,920,2019-09-23,266,2019,0
0.2500226753867335,180,921,2019-09-24,267,2019,2.2559642053679416e-4
0.2503760059404681,553444,922,2019-10-01,274,2019,0.6936388075975861
0.27250383948135154,577336,923,2019-10-09,282,2019,0.7235829724835032
0.17338518064828737,549,924,2019-10-10,283,2019,6.880690826372222e-4
0.2563324454253808,504716,925,2019-10-17,290,2019,0.6325673499313811
NA,0,926,2019-10-25,298,2019,0
0.225410002797498,522972,927,2019-11-02,306,2019,0.6554478402276017
0.2281772201625061,595226,928,2019-11-10,314,2019,0.7460047500579657
NA,0,929,2019-11-11,315,2019,0
0.171071338380309,391515,930,2019-11-18,322,2019,0.4906910143692387
NA,0,931,2019-11-26,330,2019,0
0.17478717821837506,7931,932,2019-11-27,331,2019,0.009940028951540636
0.1558507934123567,505470,933,2019-12-04,338,2019,0.6335123482707408
0.1773230771429723,101045,934,2019-12-12,346,2019,0.12664105729522424
0.13801083732724814,14858,935,2019-12-20,354,2019,0.01862173120186493
NA,0,936,2019-12-28,362,2019,0
